i,j,n_i,n_j,n_pairs_used,d_ij,cos_ij,cos_dist,med_T_sim,med_T_dist
0,1,37,200,7400,6.397227740177012,-0.16169545646614408,1.1616954564661441,0.08695652173913043,0.9130434782608696
0,2,37,200,7400,7.202660395912156,-0.3427416781380417,1.3427416781380417,0.08823529411764706,0.9117647058823529
0,3,37,200,7400,7.246582061079596,-0.14317272765863553,1.1431727276586354,0.05454545454545454,0.9454545454545454
0,4,37,200,7400,5.6870487827678975,-0.13593817243113746,1.1359381724311375,0.09523809523809523,0.9047619047619048
0,5,37,200,7400,3.292794507648267,0.6368017694762862,0.3631982305237138,0.1276595744680851,0.8723404255319149
0,6,37,200,7400,5.871521840440664,-0.3662857176313674,1.3662857176313674,0.12280701754385964,0.8771929824561404
0,7,37,200,7400,4.602270715553029,0.11401231750619621,0.8859876824938038,0.13043478260869565,0.8695652173913043
0,8,37,170,6290,2.731009781690176,0.7351528273150583,0.26484717268494173,0.11940298507462686,0.8805970149253731
0,9,37,200,7400,3.8533257108300893,0.3152662220517469,0.6847337779482531,0.1,0.9
0,10,37,200,7400,4.350761966686671,0.2695964908573374,0.7304035091426626,0.12121212121212122,0.8787878787878788
0,11,37,15,555,3.5643604213894156,0.6489043999290338,0.3510956000709662,0.14925373134328357,0.8507462686567164
0,12,37,200,7400,3.364949967172318,0.568692266182494,0.431307733817506,0.13043478260869565,0.8695652173913043
0,13,37,200,7400,5.346524730738298,-0.26577692219140087,1.2657769221914008,0.12903225806451613,0.8709677419354839
0,14,37,200,7400,4.6096038966901896,-0.05531734917757265,1.0553173491775727,0.10526315789473684,0.8947368421052632
0,15,37,200,7400,6.035845642624989,-0.4090912277712809,1.4090912277712808,0.12307692307692308,0.8769230769230769
0,16,37,200,7400,5.907931878302376,-0.492813304547434,1.4928133045474339,0.13114754098360656,0.8688524590163934
0,17,37,91,3367,5.142697499387517,-0.08367028390045224,1.0836702839004522,0.11320754716981132,0.8867924528301887
0,18,37,80,2960,5.155326585808013,0.13350006479572402,0.8664999352042759,0.14285714285714285,0.8571428571428572
0,19,37,200,7400,5.954466482036387,-0.6221864236350753,1.6221864236350751,0.08571428571428572,0.9142857142857143
0,20,37,200,7400,4.107555551358947,0.2676232795350181,0.7323767204649819,0.12857142857142856,0.8714285714285714
0,21,37,200,7400,5.457207784649982,-0.2876546408840498,1.2876546408840497,0.12307692307692308,0.8769230769230769
0,22,37,200,7400,4.407133366769481,0.09173760820902079,0.9082623917909792,0.12141687141687142,0.8785831285831286
0,23,37,200,7400,4.363539318704413,0.165012379154833,0.834987620845167,0.12727272727272726,0.8727272727272728
0,24,37,200,7400,4.7343808706386,0.034962960343331004,0.965037039656669,0.14814814814814814,0.8518518518518519
0,25,37,200,7400,4.316249872892167,0.2014111370948384,0.7985888629051616,0.12280701754385964,0.8771929824561404
0,26,37,200,7400,6.395604046272079,-0.6535642584056589,1.653564258405659,0.08695652173913043,0.9130434782608696
0,27,37,200,7400,4.449125724602056,0.17568204714743937,0.8243179528525606,0.11538461538461539,0.8846153846153846
0,28,37,200,7400,4.494439289269872,0.08039670539236193,0.919603294607638,0.13725490196078433,0.8627450980392157
0,29,37,200,7400,3.7717605867250428,0.35141846481596867,0.6485815351840314,0.13846153846153847,0.8615384615384616
1,2,200,200,40000,5.115488969154041,0.37183157618433627,0.6281684238156637,0.08928571428571429,0.9107142857142857
1,3,200,200,40000,6.180388762749671,0.2261775715479844,0.7738224284520157,0.05,0.95
1,4,200,200,40000,5.243891917153538,0.12452866595120946,0.8754713340487905,0.109375,0.890625
1,5,200,200,40000,4.72633260531337,0.31568922263426313,0.6843107773657369,0.06779661016949153,0.9322033898305084
1,6,200,200,40000,4.718205813440122,0.2270735804195456,0.7729264195804544,0.136986301369863,0.863013698630137
1,7,200,200,40000,3.877494992192679,0.48056591988642483,0.5194340801135752,0.12727272727272726,0.8727272727272728
1,8,200,170,34000,6.303562655773944,-0.43914407402037553,1.4391440740203756,0.07936507936507936,0.9206349206349207
1,9,200,200,40000,4.6920431492718455,0.006468944845797013,0.993531055154203,0.07692307692307693,0.9230769230769231
1,10,200,200,40000,5.605217838939626,-0.11434502569137645,1.1143450256913765,0.10666666666666667,0.8933333333333333
1,11,200,15,3000,6.153504891772883,0.021091412150864623,0.9789085878491354,0.10526315789473684,0.8947368421052632
1,12,200,200,40000,5.601857536617063,-0.16177986126135463,1.1617798612613546,0.07575757575757576,0.9242424242424242
1,13,200,200,40000,3.4499396653180456,0.6119815340412332,0.38801846595876677,0.0945945945945946,0.9054054054054054
1,14,200,200,40000,4.120767221403551,0.348028753170159,0.651971246829841,0.12,0.88
1,15,200,200,40000,3.9802726307803113,0.4760845719785668,0.5239154280214332,0.13513513513513514,0.8648648648648649
1,16,200,200,40000,4.385488596005233,0.30901358090795056,0.6909864190920494,0.1320754716981132,0.8679245283018868
1,17,200,91,18200,5.0970845130802465,0.052875967803134215,0.9471240321968658,0.14285714285714285,0.8571428571428572
1,18,200,80,16000,6.46925307008589,-0.25298485884439287,1.2529848588443928,0.1276595744680851,0.8723404255319149
1,19,200,200,40000,4.8665765743949745,0.08182552663038441,0.9181744733696156,0.10294117647058823,0.8970588235294118
1,20,200,200,40000,5.720668241543327,-0.3701894358172801,1.3701894358172801,0.109375,0.890625
1,21,200,200,40000,5.901299523606305,-0.3608372158153656,1.3608372158153657,0.12280701754385964,0.8771929824561404
1,22,200,200,40000,4.42018041849354,0.22488062148505428,0.7751193785149457,0.09333333333333334,0.9066666666666666
1,23,200,200,40000,4.83608382360917,0.0806080357207871,0.9193919642792129,0.109375,0.890625
1,24,200,200,40000,5.697230074501142,-0.2830532638629596,1.2830532638629597,0.11594202898550725,0.8840579710144928
1,25,200,200,40000,3.929086955438068,0.45412141717663224,0.5458785828233678,0.10909090909090909,0.8909090909090909
1,26,200,200,40000,5.39508478175514,-0.04386638256494909,1.043866382564949,0.109375,0.890625
1,27,200,200,40000,4.778151354956444,0.15233563966062244,0.8476643603393775,0.11475409836065574,0.8852459016393442
1,28,200,200,40000,3.1020016554530385,0.7284036944764853,0.27159630552351466,0.14814814814814814,0.8518518518518519
1,29,200,200,40000,4.529578106269146,0.02289590650907813,0.9771040934909219,0.1206896551724138,0.8793103448275862
2,3,200,200,40000,3.7637969810398655,0.7377102477229475,0.26228975227705253,0.11475409836065574,0.8852459016393442
2,4,200,200,40000,3.5059908398365254,0.6771596676350927,0.3228403323649073,0.13846153846153847,0.8615384615384616
2,5,200,200,40000,6.502016992617072,-0.1822704449125085,1.1822704449125085,0.09090909090909091,0.9090909090909091
2,6,200,200,40000,5.673318171805504,-0.012778099600747349,1.0127780996007474,0.12658227848101267,0.8734177215189873
2,7,200,200,40000,5.161189158764478,0.13017158902966078,0.8698284109703392,0.1111111111111111,0.8888888888888888
2,8,200,170,34000,6.538141307957532,-0.3855020768259001,1.3855020768259,0.0641025641025641,0.9358974358974359
2,9,200,200,40000,5.165478604239656,-0.06243923445503593,1.062439234455036,0.1044776119402985,0.8955223880597015
2,10,200,200,40000,4.665114020892992,0.3489249302166967,0.6510750697833033,0.1044776119402985,0.8955223880597015
2,11,200,15,3000,8.36851958415069,-0.6608302413876042,1.6608302413876042,0.06,0.94
2,12,200,200,40000,6.523692047588404,-0.4284002185913607,1.4284002185913607,0.07692307692307693,0.9230769230769231
2,13,200,200,40000,4.969264161161271,0.18755423838207952,0.8124457616179205,0.12121212121212122,0.8787878787878788
2,14,200,200,40000,5.8280217823235185,-0.3784217386698185,1.3784217386698185,0.08,0.92
2,15,200,200,40000,5.4700379601133,0.08340538577592428,0.9165946142240757,0.1282051282051282,0.8717948717948718
2,16,200,200,40000,3.2283394364942914,0.7525138634974149,0.2474861365025851,0.12857142857142856,0.8714285714285714
2,17,200,91,18200,6.13781300045466,-0.25021210131978305,1.250212101319783,0.0967741935483871,0.9032258064516129
2,18,200,80,16000,8.14521533632371,-0.8133561373338347,1.8133561373338347,0.07575757575757576,0.9242424242424242
2,19,200,200,40000,3.728535494975205,0.6256717618481479,0.3743282381518521,0.11842105263157894,0.881578947368421
2,20,200,200,40000,5.494361039755604,-0.07665534665318835,1.0766553466531883,0.10256410256410256,0.8974358974358975
2,21,200,200,40000,5.649454701123885,-0.08067241061696677,1.0806724106169667,0.12,0.88
2,22,200,200,40000,4.816004640451175,0.200276807208842,0.799723192791158,0.0847457627118644,0.9152542372881356
2,23,200,200,40000,5.5058198632868125,-0.07094793964211404,1.070947939642114,0.1,0.9
2,24,200,200,40000,6.5848483754524425,-0.5549663739836799,1.5549663739836799,0.09722222222222222,0.9027777777777778
2,25,200,200,40000,5.383176180739032,0.005513420837552295,0.9944865791624478,0.0967741935483871,0.9032258064516129
2,26,200,200,40000,3.7037146526732947,0.6257981633583413,0.37420183664165874,0.11392405063291139,0.8860759493670887
2,27,200,200,40000,6.1683073137039965,-0.31173491565609873,1.3117349156560987,0.07792207792207792,0.922077922077922
2,28,200,200,40000,5.753145282816799,-0.22702549745562062,1.2270254974556205,0.10344827586206896,0.896551724137931
2,29,200,200,40000,5.116897283263359,-0.14888452430547122,1.1488845243054713,0.10135754907356448,0.8986424509264355
3,4,200,200,40000,5.8103531879298895,0.22148243476838847,0.7785175652316115,0.1016949152542373,0.8983050847457628
3,5,200,200,40000,7.518634545997213,-0.32834976472811245,1.3283497647281124,0.057692307692307696,0.9423076923076923
3,6,200,200,40000,6.510733527575279,-0.09426400196922992,1.09426400196923,0.08333333333333333,0.9166666666666666
3,7,200,200,40000,4.999929956690769,0.41591100589375113,0.5840889941062488,0.08196721311475409,0.9180327868852459
3,8,200,170,34000,6.7810739758372724,-0.20760574308766247,1.2076057430876626,0.0410958904109589,0.9589041095890412
3,9,200,200,40000,5.878816044222724,-0.07744094961023014,1.0774409496102302,0.0641025641025641,0.9358974358974359
3,10,200,200,40000,4.323740968582692,0.6162028498312658,0.38379715016873417,0.08620689655172414,0.9137931034482758
3,11,200,15,3000,8.817367071035813,-0.5789641771391404,1.5789641771391403,0.023255813953488372,0.9767441860465116
3,12,200,200,40000,7.254106198171434,-0.4550472140178816,1.4550472140178816,0.057692307692307696,0.9423076923076923
3,13,200,200,40000,6.057269733795507,0.0025593226034779947,0.997440677396522,0.07272727272727272,0.9272727272727272
3,14,200,200,40000,6.924901069993562,-0.6231916890731822,1.6231916890731823,0.05084745762711865,0.9491525423728814
3,15,200,200,40000,5.60325586969218,0.2455003922492841,0.7544996077507159,0.07936507936507936,0.9206349206349207
3,16,200,200,40000,4.729098111916038,0.5039383975746349,0.4960616024253651,0.09090909090909091,0.9090909090909091
3,17,200,91,18200,6.900115850577269,-0.2966000366822623,1.2966000366822623,0.06,0.94
3,18,200,80,16000,8.51575493241672,-0.6752064125528395,1.6752064125528396,0.03508771929824561,0.9649122807017544
3,19,200,200,40000,5.309403100797327,0.29655866885009774,0.7034413311499023,0.09259259259259259,0.9074074074074074
3,20,200,200,40000,5.884226123993602,0.04630196450893205,0.9536980354910679,0.07936507936507936,0.9206349206349207
3,21,200,200,40000,4.824416127724582,0.4732643973105144,0.5267356026894856,0.09090909090909091,0.9090909090909091
3,22,200,200,40000,4.684452490491119,0.5345701648968793,0.46542983510312075,0.06896551724137931,0.9310344827586207
3,23,200,200,40000,5.293541528031464,0.2978817759432495,0.7021182240567505,0.07352941176470588,0.9264705882352942
3,24,200,200,40000,6.676806132891724,-0.2659325171149237,1.2659325171149236,0.06666666666666667,0.9333333333333333
3,25,200,200,40000,5.763114001718883,0.11864984994876698,0.8813501500512331,0.07692307692307693,0.9230769230769231
3,26,200,200,40000,5.971106288851993,0.0996722163905563,0.9003277836094437,0.08955223880597014,0.9104477611940298
3,27,200,200,40000,7.55917575953074,-0.661089118958512,1.661089118958512,0.04054054054054054,0.9594594594594594
3,28,200,200,40000,6.319563842580385,-0.17384602469259638,1.1738460246925964,0.07547169811320754,0.9245283018867925
3,29,200,200,40000,5.279666374196931,0.26585636710127325,0.7341436328987268,0.07575757575757576,0.9242424242424242
4,5,200,200,40000,4.97524202247635,0.03602835570757992,0.9639716442924201,0.12658227848101267,0.8734177215189873
4,6,200,200,40000,4.359573271532585,0.11935748289104964,0.8806425171089504,0.13333333333333333,0.8666666666666667
4,7,200,200,40000,5.086776409191342,-0.3196123331956047,1.3196123331956047,0.12698412698412698,0.873015873015873
4,8,200,170,34000,4.76820379555093,-0.06219046936656533,1.0621904693665654,0.06976744186046512,0.9302325581395349
4,9,200,200,40000,3.425656607162608,0.2953393647811679,0.704660635218832,0.14285714285714285,0.8571428571428572
4,10,200,200,40000,4.104723004411174,0.2231162460881019,0.7768837539118981,0.1282051282051282,0.8717948717948718
4,11,200,15,3000,6.558415658846593,-0.35620227215070666,1.3562022721507065,0.06557377049180328,0.9344262295081968
4,12,200,200,40000,4.740888805435018,-0.09404051252497869,1.0940405125249786,0.09722222222222222,0.9027777777777778
4,13,200,200,40000,4.281795749512902,0.0403045900707193,0.9596954099292807,0.18571428571428572,0.8142857142857143
4,14,200,200,40000,4.44734283552066,-0.23704227573629538,1.2370422757362953,0.08421052631578947,0.9157894736842105
4,15,200,200,40000,4.789373318090766,-0.036040661820892404,1.0360406618208924,0.18181818181818182,0.8181818181818181
4,16,200,200,40000,2.823533829301202,0.617288777817606,0.38271122218239395,0.14814814814814814,0.8518518518518519
4,17,200,91,18200,4.673045247626439,-0.06286536572191365,1.0628653657219136,0.08955223880597014,0.9104477611940298
4,18,200,80,16000,6.650879743966201,-0.6572605719809964,1.6572605719809963,0.07792207792207792,0.922077922077922
4,19,200,200,40000,3.0637503882481107,0.5254709534488059,0.4745290465511941,0.11428571428571428,0.8857142857142857
4,20,200,200,40000,3.940537281286475,0.1548746685590307,0.8451253314409692,0.11538461538461539,0.8846153846153846
4,21,200,200,40000,5.184741143964423,-0.3854211367320979,1.3854211367320979,0.11538461538461539,0.8846153846153846
4,22,200,200,40000,4.756279069138595,-0.35818824447898306,1.358188244478983,0.08641975308641975,0.9135802469135803
4,23,200,200,40000,4.8830563446576924,-0.31523815941716177,1.3152381594171618,0.12162162162162163,0.8783783783783784
4,24,200,200,40000,5.021805320149946,-0.32510544677795966,1.3251054467779597,0.10843373493975904,0.891566265060241
4,25,200,200,40000,4.955707053499835,-0.3179278802805636,1.3179278802805636,0.10126582278481013,0.8987341772151899
4,26,200,200,40000,2.7431391076722584,0.6536115074761796,0.3463884925238204,0.1232876712328767,0.8767123287671232
4,27,200,200,40000,4.6116351487321,-0.0812865105771909,1.081286510577191,0.07692307692307693,0.9230769230769231
4,28,200,200,40000,5.00911770919595,-0.4448929491373185,1.4448929491373186,0.10843373493975904,0.891566265060241
4,29,200,200,40000,4.254224859294283,-0.43612807622732114,1.4361280762273212,0.10588235294117647,0.8941176470588236
5,6,200,200,40000,4.887532062608807,-0.0549230385601125,1.0549230385601125,0.11842105263157894,0.881578947368421
5,7,200,200,40000,4.062308028714077,0.2180017810561032,0.7819982189438968,0.13432835820895522,0.8656716417910448
5,8,200,170,34000,4.071507238953155,0.2690385062846642,0.7309614937153358,0.10294117647058823,0.8970588235294118
5,9,200,200,40000,3.4633052017925485,0.34897983418036493,0.6510201658196351,0.15853658536585366,0.8414634146341463
5,10,200,200,40000,4.975487655923867,-0.0900235908001935,1.0900235908001934,0.11764705882352941,0.8823529411764706
5,11,200,15,3000,3.027844520123099,0.7359756117784708,0.2640243882215292,0.10909090909090909,0.8909090909090909
5,12,200,200,40000,2.595258043581935,0.7093366661548377,0.2906633338451623,0.16901408450704225,0.8309859154929577
5,13,200,200,40000,4.2406873575428286,0.11522623947377755,0.8847737605262225,0.14516129032258066,0.8548387096774194
5,14,200,200,40000,3.3665737357063406,0.4160148013605441,0.583985198639456,0.09876543209876543,0.9012345679012346
5,15,200,200,40000,5.391128176036824,-0.2527068690183995,1.2527068690183996,0.12658227848101267,0.8734177215189873
5,16,200,200,40000,5.512805594931577,-0.45927087115130294,1.459270871151303,0.11428571428571428,0.8857142857142857
5,17,200,91,18200,4.3812656054847565,0.1179097327236087,0.8820902672763913,0.0967741935483871,0.9032258064516129
5,18,200,80,16000,5.293540662905988,-0.006648016842961657,1.0066480168429617,0.1,0.9
5,19,200,200,40000,4.929863173653645,-0.2378719639846126,1.2378719639846125,0.09230769230769231,0.9076923076923077
5,20,200,200,40000,4.299406673873246,0.04426106825329324,0.9557389317467068,0.11267605633802817,0.8873239436619719
5,21,200,200,40000,5.811579225283646,-0.6614787413338044,1.6614787413338044,0.1044776119402985,0.8955223880597015
5,22,200,200,40000,4.648560418727424,-0.21090491854714763,1.2109049185471477,0.10526315789473684,0.8947368421052632
5,23,200,200,40000,4.6358770369774716,-0.11032354364810065,1.1103235436481007,0.13043478260869565,0.8695652173913043
5,24,200,200,40000,4.765404871604228,-0.12350840760720831,1.1235084076072084,0.13414634146341464,0.8658536585365854
5,25,200,200,40000,3.5639081972528484,0.3869961092162638,0.6130038907837362,0.1267605633802817,0.8732394366197183
5,26,200,200,40000,5.586577585789727,-0.4055163339428928,1.4055163339428929,0.08433734939759036,0.9156626506024097
5,27,200,200,40000,3.574921523154868,0.40319064942787197,0.596809350572128,0.10144927536231885,0.8985507246376812
5,28,200,200,40000,3.4098205786108022,0.4232845886750383,0.5767154113249617,0.11290322580645161,0.8870967741935484
5,29,200,200,40000,3.815900547834203,0.06104750121596245,0.9389524987840375,0.10666666666666667,0.8933333333333333
6,7,200,200,40000,4.427039174460719,-0.17182162219489067,1.1718216221948907,0.13513513513513514,0.8648648648648649
6,8,200,170,34000,4.849612259831949,-0.27785769400121907,1.2778576940012192,0.09769353128313893,0.902306468716861
6,9,200,200,40000,2.9099406523276916,0.3636961391589185,0.6363038608410815,0.1282051282051282,0.8717948717948718
6,10,200,200,40000,4.622342833761497,-0.14767700372894205,1.147677003728942,0.11392405063291139,0.8860759493670887
6,11,200,15,3000,5.509781620042029,-0.05291364115841717,1.0529136411584172,0.10714285714285714,0.8928571428571429
6,12,200,200,40000,4.982279419390391,-0.4139092024178054,1.4139092024178055,0.12359550561797752,0.8764044943820225
6,13,200,200,40000,4.30119902863899,-0.15405806211152312,1.154058062111523,0.14705882352941177,0.8529411764705882
6,14,200,200,40000,3.380559223416196,0.15885184472043562,0.8411481552795643,0.1323529411764706,0.8676470588235294
6,15,200,200,40000,2.4321991670687546,0.6911231339162403,0.30887686608375975,0.18421052631578946,0.8157894736842105
6,16,200,200,40000,3.292678249829176,0.3619814815003789,0.6380185184996211,0.14516129032258066,0.8548387096774194
6,17,200,91,18200,3.5628712557568187,0.2773605517534673,0.7226394482465327,0.14754098360655737,0.8524590163934427
6,18,200,80,16000,4.927317521277446,-0.0244560021645388,1.0244560021645388,0.1388888888888889,0.8611111111111112
6,19,200,200,40000,3.3916810690936834,0.27386099222720534,0.7261390077727947,0.12643678160919541,0.8735632183908046
6,20,200,200,40000,3.407737817218077,0.23937565994954935,0.7606243400504507,0.13095238095238096,0.8690476190476191
6,21,200,200,40000,3.853107529728316,0.10471955648594954,0.8952804435140505,0.16,0.84
6,22,200,200,40000,4.121838893495175,-0.21647406681737186,1.216474066817372,0.125,0.875
6,23,200,200,40000,4.497488482751599,-0.32275281011797674,1.3227528101179766,0.125,0.875
6,24,200,200,40000,2.915329809902282,0.4805188921099079,0.519481107890092,0.16,0.84
6,25,200,200,40000,4.922980388542056,-0.5383751017451798,1.5383751017451797,0.140625,0.859375
6,26,200,200,40000,3.8015399093715003,0.20644280178316377,0.7935571982168362,0.11392405063291139,0.8860759493670887
6,27,200,200,40000,4.814363404736475,-0.39022516364713894,1.390225163647139,0.13095238095238096,0.8690476190476191
6,28,200,200,40000,3.4004772819740907,0.22438455854063646,0.7756154414593636,0.15,0.85
6,29,200,200,40000,3.4555516827788937,-0.11278904443129592,1.112789044431296,0.15294117647058825,0.8470588235294118
7,8,200,170,34000,4.486266363254557,-0.21320718598847851,1.2132071859884785,0.10144927536231885,0.8985507246376812
7,9,200,200,40000,3.5119290945290413,-0.18436214093959177,1.1843621409395917,0.125,0.875
7,10,200,200,40000,4.15572475754081,-0.02716056773497065,1.0271605677349707,0.136986301369863,0.863013698630137
7,11,200,15,3000,5.312548710686776,-0.045170941248526914,1.0451709412485268,0.12280701754385964,0.8771929824561404
7,12,200,200,40000,3.7798326096966757,0.09379543175661073,0.9062045682433892,0.13157894736842105,0.868421052631579
7,13,200,200,40000,2.7563606299779977,0.46759456514992814,0.5324054348500719,0.15254237288135594,0.847457627118644
7,14,200,200,40000,3.444448760083753,-0.024578296585668895,1.024578296585669,0.1111111111111111,0.8888888888888888
7,15,200,200,40000,3.8256278541048996,0.1570298813960105,0.8429701186039895,0.14285714285714285,0.8571428571428572
7,16,200,200,40000,4.209370673763073,-0.1695891755157105,1.1695891755157106,0.14285714285714285,0.8571428571428572
7,17,200,91,18200,4.361676549155,-0.20778309252254068,1.2077830925225408,0.12962962962962962,0.8703703703703703
7,18,200,80,16000,4.3973267040388295,0.12397994433503487,0.8760200556649651,0.14814814814814814,0.8518518518518519
7,19,200,200,40000,4.22344614006523,-0.2796293311787517,1.2796293311787517,0.1111111111111111,0.8888888888888888
7,20,200,200,40000,4.333435052753054,-0.4100515144843943,1.4100515144843944,0.13924050632911392,0.8607594936708861
7,21,200,200,40000,3.6312344321373846,0.10717680682289085,0.8928231931771091,0.14285714285714285,0.8571428571428572
7,22,200,200,40000,2.8464715645922065,0.3491021314027541,0.650897868597246,0.11290322580645161,0.8870967741935484
7,23,200,200,40000,2.78685096768028,0.4299282018288789,0.5700717981711211,0.1388888888888889,0.8611111111111112
7,24,200,200,40000,3.879559123962412,-0.04496894154698854,1.0449689415469885,0.14285714285714285,0.8571428571428572
7,25,200,200,40000,1.9630458588791122,0.7269391820432699,0.2730608179567301,0.14893617021276595,0.851063829787234
7,26,200,200,40000,4.844220854163009,-0.43175954337887623,1.4317595433788761,0.11428571428571428,0.8857142857142857
7,27,200,200,40000,3.904983323770798,-0.023411459000525915,1.0234114590005259,0.1125,0.8875
7,28,200,200,40000,2.555600729981741,0.5021365443656294,0.4978634556343706,0.15517241379310345,0.8448275862068966
7,29,200,200,40000,2.458163360658424,0.43945602747179513,0.5605439725282049,0.13846153846153847,0.8615384615384616
8,9,170,200,34000,3.357345341183587,0.08989136486746507,0.9101086351325349,0.08333333333333333,0.9166666666666666
8,10,170,200,34000,4.005507944661687,0.13191039523939938,0.8680896047606006,0.1095890410958904,0.8904109589041096
8,11,170,15,2550,4.459202878136261,0.33242564686670595,0.667574353133294,0.12857142857142856,0.8714285714285714
8,12,170,200,34000,3.4546245580017025,0.3156369391863686,0.6843630608136314,0.1038961038961039,0.8961038961038961
8,13,170,200,34000,5.117633699197187,-0.652085491240896,1.652085491240896,0.0875,0.9125
8,14,170,200,34000,4.005784760812795,-0.22725873702296834,1.2272587370229684,0.1038961038961039,0.8961038961038961
8,15,170,200,34000,5.217010680195099,-0.43306085472111033,1.4330608547211103,0.09090909090909091,0.9090909090909091
8,16,170,200,34000,4.742851724565298,-0.3390009736595006,1.3390009736595005,0.1038961038961039,0.8961038961038961
8,17,170,91,15470,5.044501752729378,-0.4612804071251776,1.4612804071251775,0.09523809523809523,0.9047619047619048
8,18,170,80,13600,4.575468808991479,0.115037003380894,0.884962996619106,0.1506849315068493,0.8493150684931507
8,19,170,200,34000,4.67828697599462,-0.40775124024317305,1.407751240243173,0.08641975308641975,0.9135802469135803
8,20,170,200,34000,2.5257657993723717,0.5890660131427712,0.4109339868572288,0.13580246913580246,0.8641975308641976
8,21,170,200,34000,4.364397519693808,-0.1600365689126239,1.160036568912624,0.10975609756097561,0.8902439024390244
8,22,170,200,34000,3.9184270823230998,-0.1050474946426867,1.1050474946426867,0.10975609756097561,0.8902439024390244
8,23,170,200,34000,4.22745782715025,-0.17638723911668716,1.1763872391166872,0.1038961038961039,0.8961038961038961
8,24,170,200,34000,3.258177578798552,0.34261163771771697,0.657388362282283,0.125,0.875
8,25,170,200,34000,4.34739242732765,-0.20654828817851914,1.2065482881785192,0.10526315789473684,0.8947368421052632
8,26,170,200,34000,5.060455776545485,-0.4167518799309795,1.4167518799309795,0.07954545454545454,0.9204545454545454
8,27,170,200,34000,3.653082518966548,0.1954601868763584,0.8045398131236416,0.12195121951219512,0.8780487804878049
8,28,170,200,34000,4.3626431741519625,-0.31053111367143355,1.3105311136714335,0.125,0.875
8,29,170,200,34000,2.6535667130468514,0.48053677888186397,0.519463221118136,0.125,0.875
9,10,200,200,40000,2.6316059617275793,0.5128014441287428,0.48719855587125716,0.12121212121212122,0.8787878787878788
9,11,200,15,3000,3.9387614177413695,0.464132448120096,0.535867551879904,0.1,0.9
9,12,200,200,40000,3.303012939509919,0.04707090396025352,0.9529290960397465,0.1267605633802817,0.8732394366197183
9,13,200,200,40000,3.2810183282064376,-0.09673147572886578,1.0967314757288658,0.19672131147540983,0.8032786885245902
9,14,200,200,40000,2.8208759055339887,-0.10403544648346788,1.1040354464834679,0.09411764705882353,0.9058823529411765
9,15,200,200,40000,3.2121609822378163,0.23866011451874797,0.7613398854812521,0.15942028985507245,0.8405797101449275
9,16,200,200,40000,3.1048716787165858,0.11619955807859578,0.8838004419214043,0.13293172690763053,0.8670682730923694
9,17,200,91,18200,2.452471261909394,0.5297904320584655,0.47020956794153446,0.1111111111111111,0.8888888888888888
9,18,200,80,16000,4.4917037812865805,-0.19755941826520446,1.1975594182652045,0.09722222222222222,0.9027777777777778
9,19,200,200,40000,3.406235789339591,-0.22702058278772277,1.2270205827877227,0.09195402298850575,0.9080459770114943
9,20,200,200,40000,2.4860167513523317,0.32704264331839866,0.6729573566816014,0.10526315789473684,0.8947368421052632
9,21,200,200,40000,3.3918743749474762,-0.11715502282503831,1.1171550228250382,0.1111111111111111,0.8888888888888888
9,22,200,200,40000,2.9563453650694034,-0.10658484371683599,1.106584843716836,0.1111111111111111,0.8888888888888888
9,23,200,200,40000,2.8275069842993825,0.13811578915641148,0.8618842108435885,0.14285714285714285,0.8571428571428572
9,24,200,200,40000,3.121554339729691,0.030514679585085445,0.9694853204149145,0.11594202898550725,0.8840579710144928
9,25,200,200,40000,3.677882022643331,-0.4293219260891301,1.4293219260891301,0.0967741935483871,0.9032258064516129
9,26,200,200,40000,3.7014939994367126,-0.15863044436719725,1.1586304443671973,0.08641975308641975,0.9135802469135803
9,27,200,200,40000,3.685441044720352,-0.3191173503754879,1.3191173503754878,0.1,0.9
9,28,200,200,40000,2.8467672591878075,0.058812871408598824,0.9411871285914012,0.10666666666666667,0.8933333333333333
9,29,200,200,40000,2.572510642485641,-0.3784568505030306,1.3784568505030306,0.1044776119402985,0.8955223880597015
10,11,200,15,3000,5.293064754214846,0.0364979118741671,0.9635020881258329,0.11940298507462686,0.8805970149253731
10,12,200,200,40000,4.723376916840207,-0.2651373217378867,1.2651373217378867,0.1111111111111111,0.8888888888888888
10,13,200,200,40000,4.6269388057190834,-0.3311673117893591,1.331167311789359,0.12162162162162163,0.8783783783783784
10,14,200,200,40000,4.497635564264117,-0.5445006125292945,1.5445006125292946,0.10714285714285714,0.8928571428571429
10,15,200,200,40000,4.465402430398802,-0.038090017265314864,1.038090017265315,0.12195121951219512,0.8780487804878049
10,16,200,200,40000,3.682158366299216,0.20471977007074058,0.7952802299292594,0.14285714285714285,0.8571428571428572
10,17,200,91,18200,3.74460381064149,0.2051367468391999,0.7948632531608001,0.11392405063291139,0.8860759493670887
10,18,200,80,16000,6.1506367743462,-0.6042377513367867,1.6042377513367867,0.11688311688311688,0.8831168831168831
10,19,200,200,40000,3.9577812736509106,0.01033579965981471,0.9896642003401853,0.10714285714285714,0.8928571428571429
10,20,200,200,40000,2.9248214469938403,0.44989995049562614,0.5501000495043739,0.13924050632911392,0.8607594936708861
10,21,200,200,40000,3.357869078935895,0.3251203514982941,0.6748796485017059,0.12658227848101267,0.8734177215189873
10,22,200,200,40000,3.2534755308121555,0.267019088452781,0.732980911547219,0.11475409836065574,0.8852459016393442
10,23,200,200,40000,3.4690111025602315,0.22610697164610555,0.7738930283538945,0.13924050632911392,0.8607594936708861
10,24,200,200,40000,4.7229712963625445,-0.3741965677549891,1.3741965677549892,0.11842105263157894,0.881578947368421
10,25,200,200,40000,4.411403891642612,-0.22645556239229236,1.2264555623922924,0.11392405063291139,0.8860759493670887
10,26,200,200,40000,4.651748848991531,-0.1833009024410748,1.1833009024410748,0.10714285714285714,0.8928571428571429
10,27,200,200,40000,5.223543288041877,-0.6304185737669104,1.6304185737669104,0.10714285714285714,0.8928571428571429
10,28,200,200,40000,4.448629106729267,-0.3450621835595065,1.3450621835595065,0.13043478260869565,0.8695652173913043
10,29,200,200,40000,3.4068089067215857,-0.06159878947284865,1.0615987894728487,0.12658227848101267,0.8734177215189873
11,12,15,200,3000,3.571875520087377,0.5949809634127308,0.40501903658726923,0.12280701754385964,0.8771929824561404
11,13,15,200,3000,5.288160106791572,-0.06575207242191863,1.0657520724219187,0.10526315789473684,0.8947368421052632
11,14,15,200,3000,3.8901750636523684,0.48032272547063554,0.5196772745293645,0.13114754098360656,0.8688524590163934
11,15,15,200,3000,5.962891680283453,-0.21673028734711777,1.2167302873471177,0.1016949152542373,0.8983050847457628
11,16,15,200,3000,6.66752637035942,-0.6964670895318161,1.6964670895318161,0.12307692307692308,0.8769230769230769
11,17,15,91,1365,3.919437906704922,0.4929493920672671,0.5070506079327328,0.14814814814814814,0.8518518518518519
11,18,15,80,1200,4.789827943607948,0.3311322805334849,0.6688677194665151,0.22448979591836735,0.7755102040816326
11,19,15,200,3000,6.169031709730592,-0.5281242041055516,1.5281242041055516,0.08571428571428572,0.9142857142857143
11,20,15,200,3000,4.696144439871504,0.1619620204701303,0.8380379795298697,0.13432835820895522,0.8656716417910448
11,21,15,200,3000,5.948175108474171,-0.35154238766604023,1.3515423876660402,0.11764705882352941,0.8823529411764706
11,22,15,200,3000,5.29837545878972,-0.18427986056714393,1.1842798605671438,0.12727272727272726,0.8727272727272728
11,23,15,200,3000,5.025934263475186,0.022897634090857533,0.9771023659091425,0.11764705882352941,0.8823529411764706
11,24,15,200,3000,5.139875399234846,0.007504801862986258,0.9924951981370137,0.14705882352941177,0.8529411764705882
11,25,15,200,3000,4.722518953561327,0.17263168795631584,0.8273683120436841,0.12280701754385964,0.8771929824561404
11,26,15,200,3000,6.851581708779312,-0.6918442941595876,1.6918442941595875,0.07692307692307693,0.9230769230769231
11,27,15,200,3000,4.391888358675656,0.3227262561960034,0.6772737438039966,0.13636363636363635,0.8636363636363636
11,28,15,200,3000,4.09298198479982,0.40419360373810054,0.5958063962618995,0.175,0.825
11,29,15,200,3000,4.6805244443739085,-0.04151308109092233,1.0415130810909223,0.13432835820895522,0.8656716417910448
12,13,200,200,40000,3.570923412414392,0.15523933343292326,0.8447606665670767,0.12698412698412698,0.873015873015873
12,14,200,200,40000,3.053829896356346,0.264282967160452,0.7357170328395479,0.1,0.9
12,15,200,200,40000,5.154343175829595,-0.4650178335536434,1.4650178335536435,0.12048192771084337,0.8795180722891567
12,16,200,200,40000,5.223140170178448,-0.708276280983317,1.708276280983317,0.11764705882352941,0.8823529411764706
12,17,200,91,18200,3.985034530558151,0.0421948512690884,0.9578051487309116,0.09836065573770492,0.9016393442622951
12,18,200,80,16000,4.103435974391466,0.2694746992134069,0.7305253007865931,0.12658227848101267,0.8734177215189873
12,19,200,200,40000,4.3776294119999175,-0.29953386806712395,1.299533868067124,0.08888888888888889,0.9111111111111111
12,20,200,200,40000,3.9962202602416794,-0.12885879798175792,1.128858797981758,0.12195121951219512,0.8780487804878049
12,21,200,200,40000,4.595535399989622,-0.35504843677158315,1.3550484367715832,0.11764705882352941,0.8823529411764706
12,22,200,200,40000,4.046137819258067,-0.257085534118249,1.257085534118249,0.11267605633802817,0.8873239436619719
12,23,200,200,40000,3.6198317054261615,0.09091747006885324,0.9090825299311468,0.1232876712328767,0.8767123287671232
12,24,200,200,40000,3.846407059481169,0.028610009533795853,0.9713899904662041,0.14814814814814814,0.8518518518518519
12,25,200,200,40000,2.7701650378065246,0.4868982204471105,0.5131017795528895,0.12903225806451613,0.8709677419354839
12,26,200,200,40000,4.867818307940335,-0.375121826867143,1.375121826867143,0.08333333333333333,0.9166666666666666
12,27,200,200,40000,2.924460510732131,0.45681773053237307,0.5431822694676269,0.10666666666666667,0.8933333333333333
12,28,200,200,40000,3.5209557729758587,0.10322543167668803,0.8967745683233119,0.125,0.875
12,29,200,200,40000,3.104240966566124,0.05468882281057634,0.9453111771894237,0.12,0.88
13,14,200,200,40000,2.71526772220342,0.3342710708046286,0.6657289291953714,0.10810810810810811,0.8918918918918919
13,15,200,200,40000,3.452006910213311,0.2891967648809194,0.7108032351190806,0.20634920634920634,0.7936507936507937
13,16,200,200,40000,3.582573286218239,0.11303943591193602,0.886960564088064,0.14705882352941177,0.8529411764705882
13,17,200,91,18200,3.4582238311390543,0.20756340083721236,0.7924365991627876,0.12244897959183673,0.8775510204081632
13,18,200,80,16000,4.319709888514956,0.12975558748374405,0.870244412516256,0.13636363636363635,0.8636363636363636
13,19,200,200,40000,3.8885560994126105,-0.13998500782689854,1.1399850078268985,0.10126582278481013,0.8987341772151899
13,20,200,200,40000,4.889604182610853,-0.890385703400237,1.890385703400237,0.12,0.88
13,21,200,200,40000,4.183308370096257,-0.24254659067638176,1.2425465906763817,0.12658227848101267,0.8734177215189873
13,22,200,200,40000,3.016247476590812,0.21960424951051355,0.7803957504894865,0.11290322580645161,0.8870967741935484
13,23,200,200,40000,2.5204205326630387,0.5078519763144461,0.4921480236855539,0.15,0.85
13,24,200,200,40000,4.2405457165230125,-0.3105851149858739,1.3105851149858738,0.14473684210526316,0.8552631578947368
13,25,200,200,40000,2.2255308686292383,0.6291351060047435,0.37086489399525646,0.11475409836065574,0.8852459016393442
13,26,200,200,40000,3.770460997417148,0.09697439886562562,0.9030256011343744,0.10810810810810811,0.8918918918918919
13,27,200,200,40000,3.079646633454379,0.3332524329812763,0.6667475670187237,0.1111111111111111,0.8888888888888888
13,28,200,200,40000,2.2584713654250415,0.587995395365409,0.412004604634591,0.13432835820895522,0.8656716417910448
13,29,200,200,40000,3.2819977316121856,-0.32194026762314765,1.3219402676231478,0.125,0.875
14,15,200,200,40000,3.70536289330019,0.01992018847668824,0.9800798115233118,0.13924050632911392,0.8607594936708861
14,16,200,200,40000,4.084912133213768,-0.43397990519856444,1.4339799051985644,0.10975609756097561,0.8902439024390244
14,17,200,91,18200,2.7059876731302333,0.4350881095736616,0.5649118904263384,0.11764705882352941,0.8823529411764706
14,18,200,80,16000,3.586933271598266,0.3692820277430116,0.6307179722569884,0.15492957746478872,0.8450704225352113
14,19,200,200,40000,3.4870893861990195,-0.1509044365214209,1.150904436521421,0.1232876712328767,0.8767123287671232
14,20,200,200,40000,3.740233327442237,-0.4054522105392576,1.4054522105392575,0.11842105263157894,0.881578947368421
14,21,200,200,40000,4.095956702950665,-0.48815037091981855,1.4881503709198185,0.14102564102564102,0.858974358974359
14,22,200,200,40000,3.513063109101393,-0.3806619223224255,1.3806619223224255,0.11290322580645161,0.8870967741935484
14,23,200,200,40000,3.454277631607475,-0.1702106219809457,1.1702106219809456,0.12,0.88
14,24,200,200,40000,3.415056833062095,-0.05667400085232219,1.056674000852322,0.14473684210526316,0.8552631578947368
14,25,200,200,40000,2.7426018585637553,0.30427671524136446,0.6957232847586355,0.13559322033898305,0.864406779661017
14,26,200,200,40000,3.841556573329534,-0.1395840554274539,1.139584055427454,0.1038961038961039,0.8961038961038961
14,27,200,200,40000,2.0853972907747362,0.6508301603678108,0.34916983963218917,0.14084507042253522,0.8591549295774648
14,28,200,200,40000,2.166330177249741,0.517419271732643,0.482580728267357,0.15384615384615385,0.8461538461538461
14,29,200,200,40000,2.8063165942857524,-0.3700604575549056,1.3700604575549056,0.14473684210526316,0.8552631578947368
15,16,200,200,40000,3.0387560415199917,0.47730974899437084,0.5226902510056292,0.16666666666666666,0.8333333333333334
15,17,200,91,18200,3.8865547860821525,0.16826168283983237,0.8317383171601677,0.125,0.875
15,18,200,80,16000,5.075798252451819,-0.061151237805008224,1.0611512378050083,0.1388888888888889,0.8611111111111112
15,19,200,200,40000,4.093270363131589,-0.025980516323874228,1.0259805163238742,0.12345679012345678,0.8765432098765432
15,20,200,200,40000,4.341203461051489,-0.20416236047651132,1.2041623604765113,0.12941176470588237,0.8705882352941177
15,21,200,200,40000,3.31702482076667,0.3629204090741521,0.637079590925848,0.16216216216216217,0.8378378378378378
15,22,200,200,40000,3.155454852212021,0.3428051046595734,0.6571948953404265,0.12,0.88
15,23,200,200,40000,3.2608890492049016,0.34357559636873475,0.6564244036312652,0.14516129032258066,0.8548387096774194
15,24,200,200,40000,3.0941809716189033,0.43666733057756973,0.5633326694224303,0.16666666666666666,0.8333333333333334
15,25,200,200,40000,4.37451418009596,-0.16834673473139167,1.1683467347313916,0.14285714285714285,0.8571428571428572
15,26,200,200,40000,4.279243663008963,0.026104133775628043,0.973895866224372,0.12121212121212122,0.8787878787878788
15,27,200,200,40000,4.966549811072064,-0.430725327035657,1.430725327035657,0.13580246913580246,0.8641975308641976
15,28,200,200,40000,2.8821948659712477,0.47886220693846515,0.5211377930615348,0.14666666666666667,0.8533333333333333
15,29,200,200,40000,3.432569331216154,-0.01934410381662796,1.019344103816628,0.15584415584415584,0.8441558441558441
16,17,200,91,18200,4.366379403738691,-0.19423884751078008,1.1942388475107801,0.12903225806451613,0.8709677419354839
16,18,200,80,16000,5.83785998300911,-0.5676653805184119,1.5676653805184118,0.14666666666666667,0.8533333333333333
16,19,200,200,40000,2.7417851722575888,0.4707568559505913,0.5292431440494088,0.1125,0.8875
16,20,200,200,40000,3.6666285235853207,0.00837555279764325,0.9916244472023568,0.13829787234042554,0.8617021276595744
16,21,200,200,40000,3.8006686438932116,0.0357105585984687,0.9642894414015313,0.1518987341772152,0.8481012658227848
16,22,200,200,40000,3.0431415386516063,0.2664751941556566,0.7335248058443433,0.13432835820895522,0.8656716417910448
16,23,200,200,40000,3.7873975938133957,-0.04100051632665806,1.041000516326658,0.15,0.85
16,24,200,200,40000,4.072674573823425,-0.13508844607039114,1.1350884460703912,0.14285714285714285,0.8571428571428572
16,25,200,200,40000,4.515877222632192,-0.43281487065276825,1.4328148706527681,0.11538461538461539,0.8846153846153846
16,26,200,200,40000,2.252523969668823,0.6967390876403423,0.3032609123596577,0.12162162162162163,0.8783783783783784
16,27,200,200,40000,4.593022826136359,-0.3960861140145497,1.3960861140145497,0.12,0.88
16,28,200,200,40000,3.8585074735268625,-0.13165121456937762,1.1316512145693776,0.14285714285714285,0.8571428571428572
16,29,200,200,40000,3.2759915038359666,-0.1756839902674775,1.1756839902674776,0.13924050632911392,0.8607594936708861
17,18,91,80,7280,4.4952416382643925,0.11523208118212368,0.8847679188178763,0.13559322033898305,0.864406779661017
17,19,91,200,18200,3.9872157552583616,-0.07740409856911704,1.0774040985691171,0.09722222222222222,0.9027777777777778
17,20,91,200,18200,3.9759270205118136,-0.11795472718003086,1.117954727180031,0.11378020713463752,0.8862197928653625
17,21,91,200,18200,3.8954832214118844,0.026376118303023555,0.9736238816969764,0.12307692307692308,0.8769230769230769
17,22,91,200,18200,4.016775072191703,-0.23918263474381216,1.2391826347438122,0.12,0.88
17,23,91,200,18200,3.567426252492243,0.11683994404266415,0.8831600559573358,0.12962962962962962,0.8703703703703703
17,24,91,200,18200,4.3433009945938545,-0.24037753674809634,1.2403775367480963,0.11764705882352941,0.8823529411764706
17,25,91,200,18200,4.01959859619312,-0.08852455437143097,1.088524554371431,0.11764705882352941,0.8823529411764706
17,26,91,200,18200,4.4132714620630855,-0.1307464705273888,1.1307464705273889,0.0958904109589041,0.904109589041096
17,27,91,200,18200,4.207183241627942,-0.12641766196253448,1.1264176619625346,0.11864406779661017,0.8813559322033898
17,28,91,200,18200,3.307320381268394,0.2107149432900866,0.7892850567099134,0.1694915254237288,0.8305084745762712
17,29,91,200,18200,3.9039200744007725,-0.6802415047716094,1.6802415047716095,0.12162162162162163,0.8783783783783784
18,19,80,200,16000,5.7257583570396156,-0.6132642229524846,1.6132642229524845,0.10294117647058823,0.8970588235294118
18,20,80,200,16000,5.081775505009373,-0.29882067866522294,1.298820678665223,0.16216216216216217,0.8378378378378378
18,21,80,200,16000,4.62256584759699,0.018203096715401778,0.9817969032845982,0.15384615384615385,0.8461538461538461
18,22,80,200,16000,4.614336001282773,-0.12130803312440816,1.121308033124408,0.13793103448275862,0.8620689655172413
18,23,80,200,16000,4.219057076766307,0.146175887869983,0.853824112130017,0.13432835820895522,0.8656716417910448
18,24,80,200,16000,3.4388298368047434,0.47721283109531026,0.5227871689046897,0.23809523809523808,0.7619047619047619
18,25,80,200,16000,4.238730889014624,0.15616254524366344,0.8438374547563365,0.14814814814814814,0.8518518518518519
18,26,80,200,16000,5.67558953620651,-0.38849179779395726,1.3884917977939573,0.1,0.9
18,27,80,200,16000,3.613904675798168,0.4253604167160019,0.5746395832839981,0.18181818181818182,0.8181818181818181
18,28,80,200,16000,3.766546625969053,0.32281097062570724,0.6771890293742928,0.21483516483516485,0.7851648351648352
18,29,80,200,16000,3.8490209618209534,0.13760309946217694,0.862396900537823,0.17142857142857143,0.8285714285714285
19,20,200,200,40000,3.070869354038378,0.2369576549048762,0.7630423450951238,0.12345679012345678,0.8765432098765432
19,21,200,200,40000,3.6565401005206324,0.029597076501252092,0.9704029234987479,0.14473684210526316,0.8552631578947368
19,22,200,200,40000,3.818905161312133,-0.29351380184854625,1.2935138018485461,0.10344827586206896,0.896551724137931
19,23,200,200,40000,4.5058456328666,-0.6140963159721068,1.6140963159721067,0.10227272727272728,0.8977272727272727
19,24,200,200,40000,4.176497351318115,-0.3006944886221207,1.3006944886221208,0.12048192771084337,0.8795180722891567
19,25,200,200,40000,4.022747481268492,-0.24065144068105254,1.2406514406810525,0.12,0.88
19,26,200,200,40000,2.1184132223585768,0.7181632294186251,0.2818367705813749,0.1232876712328767,0.8767123287671232
19,27,200,200,40000,4.236245143163888,-0.29093107833283505,1.290931078332835,0.10126582278481013,0.8987341772151899
19,28,200,200,40000,4.104707224897251,-0.40838620659013586,1.4083862065901358,0.136986301369863,0.863013698630137
19,29,200,200,40000,3.0725919807202167,-0.1781493080281968,1.1781493080281968,0.13157894736842105,0.868421052631579
20,21,200,200,40000,3.409534389370707,0.11837904681620327,0.8816209531837967,0.14634146341463414,0.8536585365853658
20,22,200,200,40000,3.6986134054032287,-0.27977365967036444,1.2797736596703644,0.1282051282051282,0.8717948717948718
20,23,200,200,40000,4.334359895829103,-0.5684491060379815,1.5684491060379815,0.12987012987012986,0.8701298701298701
20,24,200,200,40000,3.2188034583057488,0.19189612838505404,0.808103871614946,0.1506849315068493,0.8493150684931507
20,25,200,200,40000,4.484594023782358,-0.6174041491537767,1.6174041491537767,0.13043478260869565,0.8695652173913043
20,26,200,200,40000,4.067622403283445,-0.11925521978097728,1.1192552197809773,0.1125,0.8875
20,27,200,200,40000,4.3006810194538705,-0.3926276508217571,1.392627650821757,0.12658227848101267,0.8734177215189873
20,28,200,200,40000,4.118927154648101,-0.49202450322035024,1.4920245032203503,0.15584415584415584,0.8441558441558441
20,29,200,200,40000,2.3963507447794044,0.294410288314582,0.705589711685418,0.15294117647058825,0.8470588235294118
21,22,200,200,40000,2.777109313658385,0.37168852094032945,0.6283114790596706,0.13793103448275862,0.8620689655172413
21,23,200,200,40000,2.8968624668154965,0.37532875858585424,0.6246712414141458,0.13095238095238096,0.8690476190476191
21,24,200,200,40000,3.0307822141576866,0.3547741379689615,0.6452258620310385,0.16049382716049382,0.8395061728395061
21,25,200,200,40000,4.007347016017318,-0.1584559847406845,1.1584559847406846,0.14705882352941177,0.8529411764705882
21,26,200,200,40000,4.334915181296329,-0.15792526765219342,1.1579252676521934,0.12195121951219512,0.8780487804878049
21,27,200,200,40000,5.074314771389544,-0.7480603002720796,1.7480603002720796,0.13043478260869565,0.8695652173913043
21,28,200,200,40000,3.9663840425716526,-0.23176707048269962,1.2317670704826997,0.15584415584415584,0.8441558441558441
21,29,200,200,40000,2.6875236922714407,0.2561839317758978,0.7438160682241022,0.16455696202531644,0.8354430379746836
22,23,200,200,40000,1.8467618779193955,0.6926296681000503,0.30737033189994967,0.13043478260869565,0.8695652173913043
22,24,200,200,40000,3.509309516079034,-0.048106727730245824,1.0481067277302458,0.13095238095238096,0.8690476190476191
22,25,200,200,40000,2.918265653363656,0.25529968443439416,0.7447003155656058,0.11392405063291139,0.8860759493670887
22,26,200,200,40000,4.040449570218916,-0.1949203926333451,1.1949203926333452,0.09615384615384616,0.9038461538461539
22,27,200,200,40000,4.006216442837967,-0.3168881218392066,1.3168881218392066,0.125,0.875
22,28,200,200,40000,2.545467616777103,0.373008934215879,0.626991065784121,0.14285714285714285,0.8571428571428572
22,29,200,200,40000,2.072563363489522,0.3927299456701302,0.6072700543298698,0.140625,0.859375
23,24,200,200,40000,3.547965179491549,0.03449791489842314,0.9655020851015769,0.13157894736842105,0.868421052631579
23,25,200,200,40000,2.78342663009598,0.3886855856053973,0.6113144143946028,0.11688311688311688,0.8831168831168831
23,26,200,200,40000,4.5085145617703235,-0.3576572514296614,1.3576572514296614,0.11428571428571428,0.8857142857142857
23,27,200,200,40000,3.9668208267476635,-0.16353143361112715,1.163531433611127,0.12162162162162163,0.8783783783783784
23,28,200,200,40000,2.758743615935036,0.3443331104530415,0.6556668895469585,0.13846153846153847,0.8615384615384616
23,29,200,200,40000,2.80359650134751,0.0003240065989324631,0.9996759934010675,0.1323529411764706,0.8676470588235294
24,25,200,200,40000,4.236768516774058,-0.32976584074272797,1.329765840742728,0.15625,0.84375
24,26,200,200,40000,4.412534448770051,-0.22831448724232817,1.2283144872423282,0.1125,0.8875
24,27,200,200,40000,4.054616106581795,-0.14451264497760274,1.1445126449776026,0.15384615384615385,0.8461538461538461
24,28,200,200,40000,3.394296247975061,0.0736908980204936,0.9263091019795064,0.17647058823529413,0.8235294117647058
24,29,200,200,40000,2.429173195751819,0.3998132247563591,0.600186775243641,0.175,0.825
25,26,200,200,40000,4.652775512487062,-0.4008366723176445,1.4008366723176446,0.10666666666666667,0.8933333333333333
25,27,200,200,40000,2.923170591429,0.3902365289260345,0.6097634710739654,0.11940298507462686,0.8805970149253731
25,28,200,200,40000,2.453338568570807,0.5029985656613598,0.4970014343386402,0.15492957746478872,0.8450704225352113
25,29,200,200,40000,2.5792333955734894,0.24608636150968946,0.7539136384903106,0.14864864864864866,0.8513513513513513
26,27,200,200,40000,4.141081420109702,-0.047674833455503156,1.047674833455503,0.08974358974358974,0.9102564102564102
26,28,200,200,40000,4.495225275804968,-0.411516858035674,1.411516858035674,0.1320754716981132,0.8679245283018868
26,29,200,200,40000,3.799213930451695,-0.47063357637058506,1.4706335763705851,0.11904761904761904,0.8809523809523809
27,28,200,200,40000,3.1068187993938117,0.25623456409328915,0.7437654359067108,0.15,0.85
27,29,200,200,40000,3.1895626009582787,-0.13587807722071277,1.1358780772207129,0.15,0.85
28,29,200,200,40000,2.5204010575421605,0.14535058173530777,0.8546494182646922,0.1694915254237288,0.8305084745762712
